Workbook

Sheet MOVIE
A1: Movie_id | B1: Movie_title | C1: Industry | D1: Release_year | E1: Imdb_rating | F1: Studio | G1: Language_id | H1: budget | I1: revenue | J1: unit | K1: Currency | L1: budgets_Unit_Millions | M1: revenue_Unit_Millions | N1: currency_millions
A2: 101 | B2: K.G.F: Chapter 2 | C2: Bollywood | D2: 2022 | E2: 8.4 | F2: Hombale Films | G2: 3 | H2: =IFERROR(INDEX(financial!$A$2:$E$41, MATCH($A2,financial!$A$2:$A$41,0), MATCH(H$1,financial!$A$1:$E$1,0)),"NOT AVAILABLE") -> 1 | I2: =IFERROR(INDEX(financial!$A$2:$E$41, MATCH($A2,financial!$A$2:$A$41,0), MATCH(I$1,financial!$A$1:$E$1,0)),"NOT AVAILABLE") -> 12.5 | J2: =IFERROR(INDEX(financial!$A$2:$E$41, MATCH($A2,financial!$A$2:$A$41,0), MATCH(J$1,financial!$A$1:$E$1,0)),"NOT AVAILABLE") -> Billions | K2: =IFERROR(INDEX(financial!$A$2:$E$41, MATCH($A2,financial!$A$2:$A$41,0), MATCH(K$1,financial!$A$1:$E$1,0)),"NOT AVAILABLE") -> INR | L2: =IF(J2="Billions",H2*1000,H2) -> 1000 | M2: =IF(J2="Billions",I2*1000,I2) -> 12500 | N2: INR | O2: =A2/1000&"M" -> 0.101M
A3: 102 | B3: Doctor Strange in the Multiverse of Madness | C3: Hollywood | D3: 2022 | E3: 7 | F3: Marvel Studios | G3: 5 | H3: =IFERROR(INDEX(financial!$A$2:$E$41, MATCH($A3,financial!$A$2:$A$41,0), MATCH(H$1,financial!$A$1:$E$1,0)),"NOT AVAILABLE") -> 200 | I3: =IFERROR(INDEX(financial!$A$2:$E$41, MATCH($A3,financial!$A$2:$A$41,0), MATCH(I$1,financial!$A$1:$E$1,0)),"NOT AVAILABLE") -> 954.8 | J3: =IFERROR(INDEX(financial!$A$2:$E$41, MATCH($A3,financial!$A$2:$A$41,0), MATCH(J$1,financial!$A$1:$E$1,0)),"NOT AVAILABLE") -> Millions | K3: =IFERROR(INDEX(financial!$A$2:$E$41, MATCH($A3,financial!$A$2:$A$41,0), MATCH(K$1,financial!$A$1:$E$1,0)),"NOT AVAILABLE") -> USD | L3: =IF(J3="Billions",H3*1000,H3) -> 200 | M3: =IF(J3="Billions",I3*1000,I3) -> 954.8 | N3: INR
A4: 103 | B4: Thor: The Dark World | C4: Hollywood | D4: 2013 | E4: 6.8 | F4: Marvel Studios | G4: 5 | H4: =IFERROR(INDEX(financial!$A$2:$E$41, MATCH($A4,financial!$A$2:$A$41,0), MATCH(H$1,financial!$A$1:$E$1,0)),"NOT AVAILABLE") -> 165 | I4: =IFERROR(INDEX(financial!$A$2:$E$41, MATCH($A4,financial!$A$2:$A$41,0), MATCH(I$1,financial!$A$1:$E$1,0)),"NOT AVAILABLE") -> 644.8 | J4: =IFERROR(INDEX(financial!$A$2:$E$41, MATCH($A4,financial!$A$2:$A$41,0), MATCH(J$1,financial!$A$1:$E$1,0)),"NOT AVAILABLE") -> Millions | K4: =IFERROR(INDEX(financial!$A$2:$E$41, MATCH($A4,financial!$A$2:$A$41,0), MATCH(K$1,financial!$A$1:$E$1,0)),"NOT AVAILABLE") -> USD | L4: =IF(J4="Billions",H4*1000,H4) -> 165 | M4: =IF(J4="Billions",I4*1000,I4) -> 644.8 | N4: INR
A5: 104 | B5: Thor: Ragnarok | C5: Hollywood | D5: 2017 | E5: 7.9 | F5: Marvel Studios | G5: 5 | H5: =IFERROR(INDEX(financial!$A$2:$E$41, MATCH($A5,financial!$A$2:$A$41,0), MATCH(H$1,financial!$A$1:$E$1,0)),"NOT AVAILABLE") -> 180 | I5: =IFERROR(INDEX(financial!$A$2:$E$41, MATCH($A5,financial!$A$2:$A$41,0), MATCH(I$1,financial!$A$1:$E$1,0)),"NOT AVAILABLE") -> 854 | J5: =IFERROR(INDEX(financial!$A$2:$E$41, MATCH($A5,financial!$A$2:$A$41,0), MATCH(J$1,financial!$A$1:$E$1,0)),"NOT AVAILABLE") -> Millions | K5: =IFERROR(INDEX(financial!$A$2:$E$41, MATCH($A5,financial!$A$2:$A$41,0), MATCH(K$1,financial!$A$1:$E$1,0)),"NOT AVAILABLE") -> USD | L5: =IF(J5="Billions",H5*1000,H5) -> 180 | M5: =IF(J5="Billions",I5*1000,I5) -> 854 | N5: INR
A6: 105 | B6: Thor: Love and Thunder | C6: Hollywood | D6: 2022 | E6: 6.8 | F6: Marvel Studios | G6: 5 | H6: =IFERROR(INDEX(financial!$A$2:$E$41, MATCH($A6,financial!$A$2:$A$41,0), MATCH(H$1,financial!$A$1:$E$1,0)),"NOT AVAILABLE") -> 250 | I6: =IFERROR(INDEX(financial!$A$2:$E$41, MATCH($A6,financial!$A$2:$A$41,0), MATCH(I$1,financial!$A$1:$E$1,0)),"NOT AVAILABLE") -> 670 | J6: =IFERROR(INDEX(financial!$A$2:$E$41, MATCH($A6,financial!$A$2:$A$41,0), MATCH(J$1,financial!$A$1:$E$1,0)),"NOT AVAILABLE") -> Millions | K6: =IFERROR(INDEX(financial!$A$2:$E$41, MATCH($A6,financial!$A$2:$A$41,0), MATCH(K$1,financial!$A$1:$E$1,0)),"NOT AVAILABLE") -> USD | L6: =IF(J6="Billions",H6*1000,H6) -> 250 | M6: =IF(J6="Billions",I6*1000,I6) -> 670 | N6: INR
A7: 106 | B7: Sholay | C7: Bollywood | D7: 1975 | E7: 8.1 | F7: United Producers | G7: 1 | H7: 30 | I7: 350 | J7: Millions | K7: INR | L7: =IF(J7="Billions",H7*1000,H7) -> 30 | M7: =IF(J7="Billions",I7*1000,I7) -> 350 | N7: INR
A8: 107 | B8: Dilwale Dulhania Le Jayenge | C8: Bollywood | D8: 1995 | E8: 8 | F8: Yash Raj Films | G8: 1 | H8: =IFERROR(INDEX(financial!$A$2:$E$41, MATCH($A8,financial!$A$2:$A$41,0), MATCH(H$1,financial!$A$1:$E$1,0)),"NOT AVAILABLE") -> 400 | I8: =IFERROR(INDEX(financial!$A$2:$E$41, MATCH($A8,financial!$A$2:$A$41,0), MATCH(I$1,financial!$A$1:$E$1,0)),"NOT AVAILABLE") -> 2000 | J8: =IFERROR(INDEX(financial!$A$2:$E$41, MATCH($A8,financial!$A$2:$A$41,0), MATCH(J$1,financial!$A$1:$E$1,0)),"NOT AVAILABLE") -> Millions | K8: =IFERROR(INDEX(financial!$A$2:$E$41, MATCH($A8,financial!$A$2:$A$41,0), MATCH(K$1,financial!$A$1:$E$1,0)),"NOT AVAILABLE") -> INR | L8: =IF(J8="Billions",H8*1000,H8) -> 400 | M8: =IF(J8="Billions",I8*1000,I8) -> 2000 | N8: INR
A9: 108 | B9: 3 Idiots | C9: Bollywood | D9: 2009 | E9: 8.4 | F9: Vinod Chopra Films | G9: 1 | H9: =IFERROR(INDEX(financial!$A$2:$E$41, MATCH($A9,financial!$A$2:$A$41,0), MATCH(H$1,financial!$A$1:$E$1,0)),"NOT AVAILABLE") -> 550 | I9: =IFERROR(INDEX(financial!$A$2:$E$41, MATCH($A9,financial!$A$2:$A$41,0), MATCH(I$1,financial!$A$1:$E$1,0)),"NOT AVAILABLE") -> 4000 | J9: =IFERROR(INDEX(financial!$A$2:$E$41, MATCH($A9,financial!$A$2:$A$41,0), MATCH(J$1,financial!$A$1:$E$1,0)),"NOT AVAILABLE") -> Millions | K9: =IFERROR(INDEX(financial!$A$2:$E$41, MATCH($A9,financial!$A$2:$A$41,0), MATCH(K$1,financial!$A$1:$E$1,0)),"NOT AVAILABLE") -> INR | L9: =IF(J9="Billions",H9*1000,H9) -> 550 | M9: =IF(J9="Billions",I9*1000,I9) -> 4000 | N9: INR
A10: 109 | B10: Kabhi Khushi Kabhie Gham | C10: Bollywood | D10: 2001 | E10: 7.4 | F10: Dharma Productions | G10: 1 | H10: =IFERROR(INDEX(financial!$A$2:$E$41, MATCH($A10,financial!$A$2:$A$41,0), MATCH(H$1,financial!$A$1:$E$1,0)),"NOT AVAILABLE") -> 390 | I10: =IFERROR(INDEX(financial!$A$2:$E$41, MATCH($A10,financial!$A$2:$A$41,0), MATCH(I$1,financial!$A$1:$E$1,0)),"NOT AVAILABLE") -> 1360 | J10: =IFERROR(INDEX(financial!$A$2:$E$41, MATCH($A10,financial!$A$2:$A$41,0), MATCH(J$1,financial!$A$1:$E$1,0)),"NOT AVAILABLE") -> Millions | K10: =IFERROR(INDEX(financial!$A$2:$E$41, MATCH($A10,financial!$A$2:$A$41,0), MATCH(K$1,financial!$A$1:$E$1,0)),"NOT AVAILABLE") -> INR | L10: =IF(J10="Billions",H10*1000,H10) -> 390 | M10: =IF(J10="Billions",I10*1000,I10) -> 1360 | N10: INR
A11: 110 | B11: Bajirao Mastani | C11: Bollywood | D11: 2015 | E11: 7.2 | F11: UNKNOW | G11: 1 | H11: =IFERROR(INDEX(financial!$A$2:$E$41, MATCH($A11,financial!$A$2:$A$41,0), MATCH(H$1,financial!$A$1:$E$1,0)),"NOT AVAILABLE") -> 1.4 | I11: =IFERROR(INDEX(financial!$A$2:$E$41, MATCH($A11,financial!$A$2:$A$41,0), MATCH(I$1,financial!$A$1:$E$1,0)),"NOT AVAILABLE") -> 3.5 | J11: =IFERROR(INDEX(financial!$A$2:$E$41, MATCH($A11,financial!$A$2:$A$41,0), MATCH(J$1,financial!$A$1:$E$1,0)),"NOT AVAILABLE") -> Billions | K11: =IFERROR(INDEX(financial!$A$2:$E$41, MATCH($A11,financial!$A$2:$A$41,0), MATCH(K$1,financial!$A$1:$E$1,0)),"NOT AVAILABLE") -> INR | L11: =IF(J11="Billions",H11*1000,H11) -> 1400 | M11: =IF(J11="Billions",I11*1000,I11) -> 3500 | N11: INR
A12: 111 | B12: The Shawshank Redemption | C12: Hollywood | D12: 1994 | E12: 9.3 | F12: Castle Rock Entertainment | G12: 5 | H12: =IFERROR(INDEX(financial!$A$2:$E$41, MATCH($A12,financial!$A$2:$A$41,0), MATCH(H$1,financial!$A$1:$E$1,0)),"NOT AVAILABLE") -> 25 | I12: =IFERROR(INDEX(financial!$A$2:$E$41, MATCH($A12,financial!$A$2:$A$41,0), MATCH(I$1,financial!$A$1:$E$1,0)),"NOT AVAILABLE") -> 73.3 | J12: =IFERROR(INDEX(financial!$A$2:$E$41, MATCH($A12,financial!$A$2:$A$41,0), MATCH(J$1,financial!$A$1:$E$1,0)),"NOT AVAILABLE") -> Millions | K12: =IFERROR(INDEX(financial!$A$2:$E$41, MATCH($A12,financial!$A$2:$A$41,0), MATCH(K$1,financial!$A$1:$E$1,0)),"NOT AVAILABLE") -> USD | L12: =IF(J12="Billions",H12*1000,H12) -> 25 | M12: =IF(J12="Billions",I12*1000,I12) -> 73.3 | N12: INR
A13: 112 | B13: Inception | C13: Hollywood | D13: 2010 | E13: 8.8 | F13: Warner Bros. Pictures | G13: 5 | H13: 160 | I13: 839 | J13: Millions | K13: USD | L13: =IF(J13="Billions",H13*1000,H13) -> 160 | M13: =IF(J13="Billions",I13*1000,I13) -> 839 | N13: INR
A14: 113 | B14: Interstellar | C14: Hollywood | D14: 2014 | E14: 8.6 | F14: Warner Bros. Pictures | G14: 5 | H14: =IFERROR(INDEX(financial!$A$2:$E$41, MATCH($A14,financial!$A$2:$A$41,0), MATCH(H$1,financial!$A$1:$E$1,0)),"NOT AVAILABLE") -> 165 | I14: =IFERROR(INDEX(financial!$A$2:$E$41, MATCH($A14,financial!$A$2:$A$41,0), MATCH(I$1,financial!$A$1:$E$1,0)),"NOT AVAILABLE") -> 701.8 | J14: =IFERROR(INDEX(financial!$A$2:$E$41, MATCH($A14,financial!$A$2:$A$41,0), MATCH(J$1,financial!$A$1:$E$1,0)),"NOT AVAILABLE") -> Millions | K14: =IFERROR(INDEX(financial!$A$2:$E$41, MATCH($A14,financial!$A$2:$A$41,0), MATCH(K$1,financial!$A$1:$E$1,0)),"NOT AVAILABLE") -> USD | L14: =IF(J14="Billions",H14*1000,H14) -> 165 | M14: =IF(J14="Billions",I14*1000,I14) -> 701.8 | N14: INR
A15: 115 | B15: The Pursuit of Happyness | C15: Hollywood | D15: 2006 | E15: 8 | F15: Columbia Pictures | G15: 5 | H15: =IFERROR(INDEX(financial!$A$2:$E$41, MATCH($A15,financial!$A$2:$A$41,0), MATCH(H$1,financial!$A$1:$E$1,0)),"NOT AVAILABLE") -> 55 | I15: =IFERROR(INDEX(financial!$A$2:$E$41, MATCH($A15,financial!$A$2:$A$41,0), MATCH(I$1,financial!$A$1:$E$1,0)),"NOT AVAILABLE") -> 307.1 | J15: =IFERROR(INDEX(financial!$A$2:$E$41, MATCH($A15,financial!$A$2:$A$41,0), MATCH(J$1,financial!$A$1:$E$1,0)),"NOT AVAILABLE") -> Millions | K15: =IFERROR(INDEX(financial!$A$2:$E$41, MATCH($A15,financial!$A$2:$A$41,0), MATCH(K$1,financial!$A$1:$E$1,0)),"NOT AVAILABLE") -> USD | L15: =IF(J15="Billions",H15*1000,H15) -> 55 | M15: =IF(J15="Billions",I15*1000,I15) -> 307.1 | N15: INR
A16: 116 | B16: Gladiator | C16: Hollywood | D16: 2000 | E16: 8.5 | F16: Universal Pictures | G16: 5 | H16: =IFERROR(INDEX(financial!$A$2:$E$41, MATCH($A16,financial!$A$2:$A$41,0), MATCH(H$1,financial!$A$1:$E$1,0)),"NOT AVAILABLE") -> 103 | I16: =IFERROR(INDEX(financial!$A$2:$E$41, MATCH($A16,financial!$A$2:$A$41,0), MATCH(I$1,financial!$A$1:$E$1,0)),"NOT AVAILABLE") -> 460.5 | J16: =IFERROR(INDEX(financial!$A$2:$E$41, MATCH($A16,financial!$A$2:$A$41,0), MATCH(J$1,financial!$A$1:$E$1,0)),"NOT AVAILABLE") -> Millions | K16: =IFERROR(INDEX(financial!$A$2:$E$41, MATCH($A16,financial!$A$2:$A$41,0), MATCH(K$1,financial!$A$1:$E$1,0)),"NOT AVAILABLE") -> USD | L16: =IF(J16="Billions",H16*1000,H16) -> 103 | M16: =IF(J16="Billions",I16*1000,I16) -> 460.5 | N16: INR
A17: 117 | B17: Titanic | C17: Hollywood | D17: 1997 | E17: 7.9 | F17: Paramount Pictures | G17: 5 | H17: =IFERROR(INDEX(financial!$A$2:$E$41, MATCH($A17,financial!$A$2:$A$41,0), MATCH(H$1,financial!$A$1:$E$1,0)),"NOT AVAILABLE") -> 200 | I17: =IFERROR(INDEX(financial!$A$2:$E$41, MATCH($A17,financial!$A$2:$A$41,0), MATCH(I$1,financial!$A$1:$E$1,0)),"NOT AVAILABLE") -> 2202 | J17: =IFERROR(INDEX(financial!$A$2:$E$41, MATCH($A17,financial!$A$2:$A$41,0), MATCH(J$1,financial!$A$1:$E$1,0)),"NOT AVAILABLE") -> Millions | K17: =IFERROR(INDEX(financial!$A$2:$E$41, MATCH($A17,financial!$A$2:$A$41,0), MATCH(K$1,financial!$A$1:$E$1,0)),"NOT AVAILABLE") -> USD | L17: =IF(J17="Billions",H17*1000,H17) -> 200 | M17: =IF(J17="Billions",I17*1000,I17) -> 2202 | N17: INR
A18: 118 | B18: It's a Wonderful Life | C18: Hollywood | D18: 1946 | E18: 8.6 | F18: Liberty Films | G18: 5 | H18: =IFERROR(INDEX(financial!$A$2:$E$41, MATCH($A18,financial!$A$2:$A$41,0), MATCH(H$1,financial!$A$1:$E$1,0)),"NOT AVAILABLE") -> 3.18 | I18: =IFERROR(INDEX(financial!$A$2:$E$41, MATCH($A18,financial!$A$2:$A$41,0), MATCH(I$1,financial!$A$1:$E$1,0)),"NOT AVAILABLE") -> 3.3 | J18: =IFERROR(INDEX(financial!$A$2:$E$41, MATCH($A18,financial!$A$2:$A$41,0), MATCH(J$1,financial!$A$1:$E$1,0)),"NOT AVAILABLE") -> Millions | K18: =IFERROR(INDEX(financial!$A$2:$E$41, MATCH($A18,financial!$A$2:$A$41,0), MATCH(K$1,financial!$A$1:$E$1,0)),"NOT AVAILABLE") -> USD | L18: =IF(J18="Billions",H18*1000,H18) -> 3.18 | M18: =IF(J18="Billions",I18*1000,I18) -> 3.3 | N18: INR
A19: 119 | B19: Avatar | C19: Hollywood | D19: 2009 | E19: 7.8 | F19: 20th Century Fox | G19: 5 | H19: =IFERROR(INDEX(financial!$A$2:$E$41, MATCH($A19,financial!$A$2:$A$41,0), MATCH(H$1,financial!$A$1:$E$1,0)),"NOT AVAILABLE") -> 237 | I19: =IFERROR(INDEX(financial!$A$2:$E$41, MATCH($A19,financial!$A$2:$A$41,0), MATCH(I$1,financial!$A$1:$E$1,0)),"NOT AVAILABLE") -> 2847 | J19: =IFERROR(INDEX(financial!$A$2:$E$41, MATCH($A19,financial!$A$2:$A$41,0), MATCH(J$1,financial!$A$1:$E$1,0)),"NOT AVAILABLE") -> Millions | K19: =IFERROR(INDEX(financial!$A$2:$E$41, MATCH($A19,financial!$A$2:$A$41,0), MATCH(K$1,financial!$A$1:$E$1,0)),"NOT AVAILABLE") -> USD | L19: =IF(J19="Billions",H19*1000,H19) -> 237 | M19: =IF(J19="Billions",I19*1000,I19) -> 2847 | N19: INR
A20: 120 | B20: The Godfather | C20: Hollywood | D20: 1972 | E20: 9.2 | F20: Paramount Pictures | G20: 5 | H20: =IFERROR(INDEX(financial!$A$2:$E$41, MATCH($A20,financial!$A$2:$A$41,0), MATCH(H$1,financial!$A$1:$E$1,0)),"NOT AVAILABLE") -> 7.2 | I20: =IFERROR(INDEX(financial!$A$2:$E$41, MATCH($A20,financial!$A$2:$A$41,0), MATCH(I$1,financial!$A$1:$E$1,0)),"NOT AVAILABLE") -> 291 | J20: =IFERROR(INDEX(financial!$A$2:$E$41, MATCH($A20,financial!$A$2:$A$41,0), MATCH(J$1,financial!$A$1:$E$1,0)),"NOT AVAILABLE") -> Millions | K20: =IFERROR(INDEX(financial!$A$2:$E$41, MATCH($A20,financial!$A$2:$A$41,0), MATCH(K$1,financial!$A$1:$E$1,0)),"NOT AVAILABLE") -> USD | L20: =IF(J20="Billions",H20*1000,H20) -> 7.2 | M20: =IF(J20="Billions",I20*1000,I20) -> 291 | N20: INR
A21: 121 | B21: The Dark Knight | C21: Hollywood | D21: 2008 | E21: 9 | F21: Syncopy | G21: 5 | H21: =IFERROR(INDEX(financial!$A$2:$E$41, MATCH($A21,financial!$A$2:$A$41,0), MATCH(H$1,financial!$A$1:$E$1,0)),"NOT AVAILABLE") -> 185 | I21: =IFERROR(INDEX(financial!$A$2:$E$41, MATCH($A21,financial!$A$2:$A$41,0), MATCH(I$1,financial!$A$1:$E$1,0)),"NOT AVAILABLE") -> 1006 | J21: =IFERROR(INDEX(financial!$A$2:$E$41, MATCH($A21,financial!$A$2:$A$41,0), MATCH(J$1,financial!$A$1:$E$1,0)),"NOT AVAILABLE") -> Millions | K21: =IFERROR(INDEX(financial!$A$2:$E$41, MATCH($A21,financial!$A$2:$A$41,0), MATCH(K$1,financial!$A$1:$E$1,0)),"NOT AVAILABLE") -> USD | L21: =IF(J21="Billions",H21*1000,H21) -> 185 | M21: =IF(J21="Billions",I21*1000,I21) -> 1006 | N21: INR
A22: 122 | B22: Schindler's List | C22: Hollywood | D22: 1993 | E22: 9 | F22: Universal Pictures | G22: 5 | H22: =IFERROR(INDEX(financial!$A$2:$E$41, MATCH($A22,financial!$A$2:$A$41,0), MATCH(H$1,financial!$A$1:$E$1,0)),"NOT AVAILABLE") -> 22 | I22: =IFERROR(INDEX(financial!$A$2:$E$41, MATCH($A22,financial!$A$2:$A$41,0), MATCH(I$1,financial!$A$1:$E$1,0)),"NOT AVAILABLE") -> 322.2 | J22: =IFERROR(INDEX(financial!$A$2:$E$41, MATCH($A22,financial!$A$2:$A$41,0), MATCH(J$1,financial!$A$1:$E$1,0)),"NOT AVAILABLE") -> Millions | K22: =IFERROR(INDEX(financial!$A$2:$E$41, MATCH($A22,financial!$A$2:$A$41,0), MATCH(K$1,financial!$A$1:$E$1,0)),"NOT AVAILABLE") -> USD | L22: =IF(J22="Billions",H22*1000,H22) -> 22 | M22: =IF(J22="Billions",I22*1000,I22) -> 322.2 | N22: INR
A23: 123 | B23: Jurassic Park | C23: Hollywood | D23: 1993 | E23: 8.2 | F23: Universal Pictures | G23: 5 | H23: =IFERROR(INDEX(financial!$A$2:$E$41, MATCH($A23,financial!$A$2:$A$41,0), MATCH(H$1,financial!$A$1:$E$1,0)),"NOT AVAILABLE") -> 63 | I23: =IFERROR(INDEX(financial!$A$2:$E$41, MATCH($A23,financial!$A$2:$A$41,0), MATCH(I$1,financial!$A$1:$E$1,0)),"NOT AVAILABLE") -> 1046 | J23: =IFERROR(INDEX(financial!$A$2:$E$41, MATCH($A23,financial!$A$2:$A$41,0), MATCH(J$1,financial!$A$1:$E$1,0)),"NOT AVAILABLE") -> Millions | K23: =IFERROR(INDEX(financial!$A$2:$E$41, MATCH($A23,financial!$A$2:$A$41,0), MATCH(K$1,financial!$A$1:$E$1,0)),"NOT AVAILABLE") -> USD | L23: =IF(J23="Billions",H23*1000,H23) -> 63 | M23: =IF(J23="Billions",I23*1000,I23) -> 1046 | N23: INR
A24: 124 | B24: Parasite | C24: Hollywood | D24: 2019 | E24: 8.5 | F24: UNKNOW | G24: 5 | H24: =IFERROR(INDEX(financial!$A$2:$E$41, MATCH($A24,financial!$A$2:$A$41,0), MATCH(H$1,financial!$A$1:$E$1,0)),"NOT AVAILABLE") -> 15.5 | I24: =IFERROR(INDEX(financial!$A$2:$E$41, MATCH($A24,financial!$A$2:$A$41,0), MATCH(I$1,financial!$A$1:$E$1,0)),"NOT AVAILABLE") -> 263.1 | J24: =IFERROR(INDEX(financial!$A$2:$E$41, MATCH($A24,financial!$A$2:$A$41,0), MATCH(J$1,financial!$A$1:$E$1,0)),"NOT AVAILABLE") -> Millions | K24: =IFERROR(INDEX(financial!$A$2:$E$41, MATCH($A24,financial!$A$2:$A$41,0), MATCH(K$1,financial!$A$1:$E$1,0)),"NOT AVAILABLE") -> USD | L24: =IF(J24="Billions",H24*1000,H24) -> 15.5 | M24: =IF(J24="Billions",I24*1000,I24) -> 263.1 | N24: INR
A25: 125 | B25: Avengers: Endgame | C25: Hollywood | D25: 2019 | E25: 8.4 | F25: Marvel Studios | G25: 5 | H25: =IFERROR(INDEX(financial!$A$2:$E$41, MATCH($A25,financial!$A$2:$A$41,0), MATCH(H$1,financial!$A$1:$E$1,0)),"NOT AVAILABLE") -> 400 | I25: =IFERROR(INDEX(financial!$A$2:$E$41, MATCH($A25,financial!$A$2:$A$41,0), MATCH(I$1,financial!$A$1:$E$1,0)),"NOT AVAILABLE") -> 2798 | J25: =IFERROR(INDEX(financial!$A$2:$E$41, MATCH($A25,financial!$A$2:$A$41,0), MATCH(J$1,financial!$A$1:$E$1,0)),"NOT AVAILABLE") -> Millions | K25: =IFERROR(INDEX(financial!$A$2:$E$41, MATCH($A25,financial!$A$2:$A$41,0), MATCH(K$1,financial!$A$1:$E$1,0)),"NOT AVAILABLE") -> USD | L25: =IF(J25="Billions",H25*1000,H25) -> 400 | M25: =IF(J25="Billions",I25*1000,I25) -> 2798 | N25: INR
... A40: 140 | B40: Shershaah | C40: Bollywood | D40: 2021 | E40: 8.4 | F40: Dharma Productions | G40: 1 | H40: =IFERROR(INDEX(financial!$A$2:$E$41, MATCH($A40,financial!$A$2:$A$41,0), MATCH(H$1,financial!$A$1:$E$1,0)),"NOT AVAILABLE") -> 500 | I40: =IFERROR(INDEX(financial!$A$2:$E$41, MATCH($A40,financial!$A$2:$A$41,0), MATCH(I$1,financial!$A$1:$E$1,0)),"NOT AVAILABLE") -> 950 | J40: =IFERROR(INDEX(financial!$A$2:$E$41, MATCH($A40,financial!$A$2:$A$41,0), MATCH(J$1,financial!$A$1:$E$1,0)),"NOT AVAILABLE") -> Millions | K40: =IFERROR(INDEX(financial!$A$2:$E$41, MATCH($A40,financial!$A$2:$A$41,0), MATCH(K$1,financial!$A$1:$E$1,0)),"NOT AVAILABLE") -> INR | L40: =IF(J40="Billions",H40*1000,H40) -> 500 | M40: =IF(J40="Billions",I40*1000,I40) -> 950 | N40: INR

Sheet financial
A1: movie_id | B1: budget | C1: revenue | D1: unit | E1: currency
A2: 101 | B2: 1 | C2: 12.5 | D2: Billions | E2: INR
A3: 102 | B3: 200 | C3: 954.8 | D3: Millions | E3: USD
A4: 103 | B4: 165 | C4: 644.8 | D4: Millions | E4: USD
A5: 104 | B5: 180 | C5: 854 | D5: Millions | E5: USD
A6: 105 | B6: 250 | C6: 670 | D6: Millions | E6: USD | H6: =SUM(C:C) -> 53986.1
A7: 107 | B7: 400 | C7: 2000 | D7: Millions | E7: INR
A8: 108 | B8: 550 | C8: 4000 | D8: Millions | E8: INR
A9: 109 | B9: 390 | C9: 1360 | D9: Millions | E9: INR
A10: 110 | B10: 1.4 | C10: 3.5 | D10: Billions | E10: INR
A11: 111 | B11: 25 | C11: 73.3 | D11: Millions | E11: USD
A12: 113 | B12: 165 | C12: 701.8 | D12: Millions | E12: USD
A13: 114 | B13: 205 | C13: 365.3 | D13: Millions | E13: USD
A14: 115 | B14: 55 | C14: 307.1 | D14: Millions | E14: USD
A15: 116 | B15: 103 | C15: 460.5 | D15: Millions | E15: USD
A16: 117 | B16: 200 | C16: 2202 | D16: Millions | E16: USD
A17: 118 | B17: 3.18 | C17: 3.3 | D17: Millions | E17: USD
A18: 119 | B18: 237 | C18: 2847 | D18: Millions | E18: USD
... A41: 412 | B41: 160 | C41: 836.8 | D41: Millions | E41: USD

Sheet actor
A1: actor_id | B1: name | C1: birth_year
A2: 50 | B2: Yash | C2: 1986
A3: 51 | B3: Sanjay Dutt | C3: 1959
A4: 52 | B4: Benedict Cumberbatch | C4: 1976
A5: 53 | B5: Elizabeth Olsen | C5: 1989
A6: 54 | B6: Chris Hemsworth | C6: 1983
A7: 55 | B7: Natalie Portman | C7: 1981
A8: 56 | B8: Tom Hiddleston | C8: 1981
A9: 57 | B9: Amitabh Bachchan | C9: 1942
A10: 58 | B10: Jaya Bachchan | C10: 1948
A11: 59 | B11: Shah Rukh Khan | C11: 1965
A12: 60 | B12: Kajol | C12: 1974
A13: 61 | B13: Aamir Khan | C13: 1965
... A68: 170 | B68: Kiara Advani | C68: 1991

Sheet movie_actor
A1: movie_id | B1: actor_id
A2: 101 | B2: 50
A3: 101 | B3: 51
A4: 102 | B4: 52
A5: 102 | B5: 53
A6: 103 | B6: 54
A7: 103 | B7: 55
A8: 103 | B8: 56
A9: 104 | B9: 54
A10: 104 | B10: 56
A11: 105 | B11: 54
A12: 105 | B12: 55
A13: 106 | B13: 57
... A86: 140 | B86: 170

Sheet language
A1: language_id | B1: name
A2: 1 | B2: Hindi
A3: 2 | B3: Telugu
A4: 3 | B4: Kannada
A5: 4 | B5: Tamil
A6: 5 | B6: English
A7: 6 | B7: French
A8: 7 | B8: Bengali
A9: 8 | B9: Gujarati
